<?xml version="1.0" encoding="UTF-8"?>
<project-private xmlns="http://www.netbeans.org/ns/project-private/1">
    <editor-bookmarks xmlns="http://www.netbeans.org/ns/editor-bookmarks/2" lastBookmarkId="0"/>
    <open-files xmlns="http://www.netbeans.org/ns/projectui-open-files/2">
        <group>
            <file>file:/C:/Users/LANCE/Documents/NetBeansProjects/WebApplication2/web/reg_form.jsp</file>
            <file>file:/C:/Users/LANCE/Documents/NetBeansProjects/WebApplication2/web/index.jsp</file>
            <file>file:/C:/Users/LANCE/Documents/NetBeansProjects/WebApplication2/web/css/login.css</file>
            <file>file:/C:/Users/LANCE/Documents/NetBeansProjects/WebApplication2/web/css/reg_form.css</file>
            <file>file:/C:/Users/LANCE/Documents/NetBeansProjects/WebApplication2/web/log_in.jsp</file>
            <file>file:/C:/Users/LANCE/Documents/NetBeansProjects/WebApplication2/web/terms%20and%20conditions.jsp</file>
            <file>file:/C:/Users/LANCE/Documents/NetBeansProjects/WebApplication2/web/css/bootstrap.min.css</file>
        </group>
    </open-files>
</project-private>
